state (WORDNET SENSE IF EXIST),occorrences,definition,rep_event,asp_event,location,organization,targets
teach.v.02,28,accustom gradually to some action or attitude,0,6,9,15,teach
work.v.19,27,"gratify and charm, usually in order to influence",0,2,8,7,work
spell.v.03,24,write or name the letters that comprise the conventionally accepted form of (a word or part of a word),0,4,1,11,write
service.v.01,20,be used by; as of a utility,0,0,3,11,"service, serve"
serve.v.10,19,work for or be a servant to,0,1,8,13,"serve, attend"
study.v.06,18,"think intently and at length, as for spiritual purposes",0,5,5,14,study
work.v.01,16,exert oneself by doing mental or physical work for a purpose or out of necessity,0,3,3,12,work
analyze.v.01,16,consider in detail and subject to an analysis in order to discover essential features or meaning,0,5,5,8,study
write.v.04,14,communicate (with) in writing,0,6,1,3,write
writer.n.02,13,a person who is able to write and has written something,1,1,4,1,writer
spend.v.01,12,pass time in a specific way,0,0,4,1,spend
rest.v.07,10,be inherent or innate in,0,0,10,0,reside
career.v.01,8,move headlong at high speed,0,6,2,1,career
member.n.04,8,an organization that is a member of another organization (especially a state that belongs to a group of nations),1,2,0,6,member
live.v.02,8,lead a certain kind of life; live in a certain style,0,1,7,0,live
live.v.07,7,pursue a positive and satisfying existence,0,0,4,1,live
raise.v.23,7,multiply (a number) by itself a specified number of times: 8 is 2 raised to the power 3,0,0,5,0,raise
work.v.27,7,arrive at a certain condition through repeated motion,0,1,3,6,work
study.v.02,7,be a student; follow a course of study; be enrolled at an institute of learning,0,0,2,6,study
travel.v.06,7,"travel from place to place, as for the purpose of finding work, preaching, or acting as a judge",0,0,5,0,travel
author.v.01,7,be the author of,0,0,0,1,author
know.v.03,6,be aware of the truth of something; have a belief or faith in something; regard as true beyond any doubt,0,2,0,1,know
solve.v.01,6,find the solution to (a problem or question) or understand the meaning of,0,2,1,1,work
publish.v.02,5,prepare and issue for public distribution or sale,0,1,0,2,publish
member.n.01,5,one of the persons who compose a social group (especially individuals who have joined and participate in a group organization),0,1,2,2,member
attend.v.02,5,take charge of or deal with,0,0,2,0,"saw, attend"
admit.v.03,5,"allow participation in or the right to be part of; permit to exercise the rights, functions, and responsibilities of",0,0,2,0,include
play.v.12,4,pretend to be somebody in the framework of a game or playful activity,0,0,1,1,play
have.v.01,4,"have or possess, either in a concrete or an abstract sense",0,0,0,4,hold
function.n.03,4,the actions and activities assigned to or required or expected of a person or group,0,0,1,1,role
founder.v.02,4,sink below the surface,0,1,3,2,founder
survive.v.01,4,continue to live through hardship or adversity,0,0,2,0,live
professor.n.01,4,someone who is a member of the faculty at a college or university,0,1,0,2,professor
grow.v.08,4,come to have or undergo a change of (physical features and attributes),0,1,2,1,"grow, produce"
participate.v.01,4,share in something,1,1,0,1,participate
focus.v.02,3,cause to converge on or toward a central point,0,1,0,0,focus
attend.v.03,3,to accompany as a circumstance or follow as a result,0,0,3,2,attend
lend.v.01,3,bestow a quality on,0,0,1,1,"contribute, bring"
publish.v.03,3,have (one's written work) issued for publication,0,0,0,2,"publish, write"
lector.n.02,3,a public lecturer at certain universities,0,2,0,2,lecturer
poet.n.01,3,a writer of poems (the term is usually reserved for writers of good poetry),2,0,1,0,poet
drawing_card.n.02,3,a featured article of merchandise sold at a loss in order to draw customers,0,0,0,1,leader
play.v.35,3,exhaust by allowing to pull on the line,1,0,1,1,play
consort.v.01,3,keep company with; hang out with,0,0,0,1,associate
attend.v.01,3,"be present at (meetings, church services, university), etc.",0,0,0,3,attend
receive.v.12,3,partake of the Holy Eucharist sacrament,0,0,1,0,receive
free-base.v.01,3,use (purified cocaine) by burning it and inhaling the fumes,0,0,1,0,base
hold.v.22,3,hold the attention of,0,0,2,2,hold
tenure.v.01,3,give life-time employment to,0,0,0,1,tenure
provide.v.03,3,"determine (what is to happen in certain contingencies), especially by including a proviso condition or stipulation",0,0,0,0,provide
grow.v.10,3,become attached by or as if by the process of growth,0,0,3,0,grow
reserve.v.04,3,arrange for and reserve (something for someone else) in advance,0,0,0,1,hold
director.n.03,3,someone who supervises the actors and directs the action in the production of a show,0,2,1,3,director
speciate.v.01,3,evolve so as to lead to a new species or develop in a way most suited to the environment,0,0,0,0,"specialize, specialise"
subscriber.n.03,3,someone who contributes (or promises to contribute) a sum of money,0,1,0,2,contributor
report.v.05,2,"be responsible for reporting the details of, as in journalism",0,0,1,0,cover
keep.v.01,2,"keep in a certain state, position, or activity; e.g.,",0,0,0,1,"maintain, hold"
celebrated.s.01,2,widely known and esteemed,0,1,0,0,famous
think.v.03,2,"use or exercise the mind or one's power of reason in order to make inferences, decisions, or arrive at a solution or judgments",0,1,1,0,think
cheer.v.05,2,spur on or encourage especially by cheers and shouts,1,0,0,0,"urge, inspire"
co-founder,2,co-founder,0,0,1,1,co-founder
editor_program.n.01,2,(computer science) a program designed to perform such editorial functions as rearrangement or modification or deletion of data,0,1,1,0,editor
base.v.02,2,situate as a center of operations,0,0,2,0,base
familiar.n.03,2,a spirit (usually in animal form) that acts as an assistant to a witch or wizard,1,0,0,0,familiar
grow.v.03,2,increase in size by natural process,0,0,1,0,grow
journalist.n.01,2,a writer for newspapers and magazines,0,0,0,1,journalist
turn.v.07,2,"pass into a condition gradually, take on a specific property or attribute; become",0,0,2,0,grow
write.v.10,2,"create code, write a computer program",0,0,0,1,write
initiate.v.02,2,take the lead or initiative in; participate in the development of,1,0,0,0,pioneer
write.v.08,2,record data on a computer,0,0,0,0,write
enter.v.02,2,become a participant; be involved in,0,0,0,0,participate
run.v.33,2,run with the ball; in such sports as football,0,0,1,0,run
spend.v.03,2,spend completely,0,0,1,0,spend
quest_for.v.01,2,go in search of or hunt for,0,0,1,0,pursue
read.v.10,2,to hear and understand,0,0,0,0,read
masterpiece.n.01,2,the most outstanding work of a creative artist or craftsman,2,0,0,0,masterpiece
respect.v.02,2,show respect towards,0,1,0,0,respect
columnist.n.01,2,a journalist who writes editorials,0,0,0,2,columnist
include.v.03,2,"add as part of something else; put in as part of a set, group, or category",0,0,0,0,include
editor.n.01,2,a person responsible for the editorial aspects of publication; the person who determines the final content of a text (especially of a newspaper or magazine),0,0,0,2,editor
offer.v.09,2,present as an act of worship,0,0,1,1,offer
perform.v.03,2,give a performance (of something),0,0,0,0,perform
separate.v.12,2,come apart,0,0,0,0,part
dedicate.v.02,2,"open to public use, as of a highway, park, or building",0,0,1,0,dedicate
lecture.v.01,2,deliver a lecture or talk,0,0,0,1,lecture
visualize.v.01,2,imagine; conceive of; see in one's mind,0,0,1,0,"figure, project"
education.n.04,2,the profession of teaching (especially at a school or college or university),0,2,1,1,education
recipient_role.n.01,2,the semantic role of the animate entity that is passively involved in the happening denoted by the verb in the clause,0,1,1,0,recipient
term.v.01,2,name formally or designate with a term,0,1,0,0,term
recruit.v.03,2,cause to assemble or enlist in the military,0,0,2,0,raise
manage.v.02,2,"be in charge of, act on, or dispose of",0,0,1,0,manage
president_of_the_united_states.n.02,2,the office of the United States head of state,0,0,0,2,president
help.v.06,2,contribute to the furtherance of,0,0,0,0,help
stay.v.01,2,stay the same; remain in a certain state,0,0,2,0,"remain, stay"
stay.v.04,2,"continue in a place, position, or situation",0,0,0,0,"stay, remain"
take.v.29,2,be seized or affected in a specified way,0,0,1,0,take
acknowledge.v.06,2,accept (someone) to be what is claimed or accept his power and authority,0,0,1,0,know
finalist.n.01,2,a contestant who reaches the final stages of a competition,0,0,1,1,finalist
populate.v.01,2,inhabit or live in; be an inhabitant of,1,0,2,0,live
scholar.n.01,2,a learned person (especially in the humanities); someone who by long study has gained mastery in one or more disciplines,0,0,0,1,student
develop.v.19,2,elaborate by the unfolding of a musical idea and by the working out of the rhythmic and harmonic changes in the theme,0,0,0,0,develop
train.v.02,2,"undergo training or instruction in preparation for a particular role, function, or profession",0,0,0,0,train
work.v.14,2,behave in a certain way when handled,0,0,1,0,work
observer.n.02,1,an expert who observes and comments on something,0,1,0,0,commentator
besides.r.02,1,in addition,0,0,1,0,also
imprison.v.02,1,confine as if in a prison,0,0,0,0,imprison
activity.n.04,1,(chemistry) the capacity of a substance to take part in a chemical reaction,0,0,0,1,activity
work.v.03,1,have an effect or outcome; often the one desired or expected,0,0,0,1,work
quarrel.v.01,1,have a disagreement over something,0,1,0,0,dispute
guest.n.03,1,a customer of a hotel or restaurant etc.,0,0,0,0,guest
inspector.n.01,1,a high ranking police officer,0,1,1,0,inspector
call.v.22,1,lure by imitating the characteristic call of an animal,0,0,0,0,call
collaborator.n.03,1,an associate in an activity or endeavor or sphere of common interest,0,0,0,0,collaborator
debater.n.01,1,someone who engages in debate,0,0,0,1,debater
premier.v.02,1,perform a work for the first time,0,0,0,0,premiere
school.v.03,1,swim in or form a large group of fish,0,1,0,1,school
carry.v.02,1,have with oneself; have on one's person,0,0,0,0,take
hairdresser.n.01,1,someone who cuts or beautifies hair,0,0,1,0,hairdresser
circulate.v.06,1,cause to move in a circuit or system,0,0,1,0,circulate
deem.v.01,1,keep in mind or convey as a conviction or view,0,0,0,1,hold
childhood.n.02,1,the state of a child between infancy and adolescence,0,0,1,0,childhood
pastor.n.02,1,only the rose-colored starlings; in some classifications considered a separate genus,0,1,0,1,pastor
collaborate.v.01,1,work together on a common enterprise of project,0,0,0,0,cooperate
enlist.v.03,1,engage somebody to enter the army,0,0,0,0,enlist
scholarship.n.01,1,financial aid provided to a student on the basis of academic merit,0,0,1,1,scholarship
active.a.11,1,(used of verbs (e.g. `to run') and participial adjectives (e.g. `running' in `running water')) expressing action rather than a state of being,0,0,0,1,active
face.v.05,1,turn so as to face; turn the face in a certain direction,0,0,0,0,face
board.v.02,1,live and take one's meals at or in,0,0,0,0,room
head.v.09,1,remove the head of,0,0,0,1,head
duty.n.01,1,the social force that binds you to the courses of action demanded by that force; ; - John D.Rockefeller Jr,0,0,0,0,duty
freedom.n.01,1,the condition of being free; the power to act or speak or think without externally imposed restraints,0,0,0,0,freedom
compose.v.04,1,put together out of existing material,0,0,0,0,compile
fellowship.n.03,1,money granted (by a university or foundation or other agency) for advanced study or research,0,0,0,0,fellowship
usher.v.01,1,"take (someone) to their seats, as in theaters or auditoriums",1,0,0,0,show
welcome.v.02,1,bid welcome to; greet upon arrival,0,0,1,0,receive
unblock.v.03,1,make (assets) available,1,0,1,0,release
conduct.v.02,1,"lead, as in the performance of a composition",0,0,0,0,direct
suffer.v.02,1,undergo (as of injuries and illnesses),0,0,0,1,get
queen.v.01,1,"promote to a queen, as of a pawn in chess",1,0,0,0,queen
defy.v.02,1,"elude, especially in a baffling way",0,0,0,0,resist
give.v.43,1,consent to engage in sexual intercourse with a man,0,0,0,0,give
move_over.v.01,1,move in order to make room for someone for something,0,0,0,0,give
martyr.v.02,1,torture and torment like a martyr,0,0,0,0,martyr
crusade.v.01,1,"exert oneself continuously, vigorously, or obtrusively to gain an end or engage in a crusade for a certain cause or person; be an advocate for",0,0,0,0,fight
pick.v.10,1,"attack with or as if with a pickaxe of ice or rocky ground, for example",1,0,0,0,pick
list.v.01,1,give or make a list of; name individually; give the names of,1,0,0,0,name
penis.n.01,1,the male organ of copulation (`member' is a euphemism),0,1,0,1,member
authority.n.01,1,the power or right to give orders or make decisions,1,0,0,0,authority
travel.v.05,1,undergo transportation as in a vehicle,0,0,0,0,travel
solicitation.n.02,1,request for a sum of money,0,0,0,0,collection
chair.v.01,1,"act or preside as chair, as of an academic department in a university",0,0,0,1,chair
roll_up.v.02,1,get or gather together,0,0,1,0,amass
company.n.03,1,the state of being with someone,0,0,0,1,fellowship
speaker.n.03,1,the presiding officer of a deliberative assembly,0,0,1,0,speaker
celebration.n.03,1,the public performance of a sacrament or solemn ceremony with all appropriate ritual,0,0,0,0,celebration
teacher.n.02,1,a personified abstraction that teaches,0,0,0,0,teacher
deal.v.09,1,distribute cards to the players in a game,0,0,0,0,deal
sit.v.10,1,serve in a specific professional capacity,0,0,0,0,sit
develop.v.21,1,expand in the form of a series,0,0,1,0,develop
typeset.v.01,1,set in type,0,0,0,0,set
period.n.07,1,a punctuation mark (.) placed at the end of a declarative sentence to indicate a full stop or after abbreviations,0,0,0,0,period
bring.v.03,1,cause to happen or to occur as a consequence,0,0,0,0,work
appear.v.06,1,"appear as a character on stage or appear in a play, etc.",0,0,0,1,appear
chronicle.v.01,1,record in chronological order; make a historical record,0,0,0,0,chronicle
curate.n.01,1,a person authorized to conduct religious worship,0,1,0,1,rector
servant.n.01,1,a person working in the service of another (especially in the household),0,0,0,0,servant
promote.v.01,1,contribute to the progress or growth of,0,0,1,0,promote
raise.v.24,1,bring (a surface or a design) into relief and cause to project,0,0,1,0,raise
residency.n.01,1,the act of dwelling in a place,0,0,1,0,residence
visit.v.08,1,assail,0,0,1,0,visit
draw.v.06,1,"represent by making a drawing of, as with a pencil, chalk, etc. on a surface",0,0,0,0,draw
crucial.a.01,1,of extreme importance; vital to the resolution of a crisis,1,0,0,0,important
tax.v.02,1,set or determine the amount of (a payment such as a fine),0,0,0,0,assess
subnormal.s.01,1,below normal or average,0,0,0,0,subnormal
film_director.n.01,1,the person who directs the making of a film,0,1,0,1,director
dislike.v.01,1,have or feel a dislike or distaste for,1,0,0,0,dislike
clock.v.01,1,measure the time or duration of an event or action or the person who performs an action in a certain period of time,0,0,0,0,time
discipline.v.02,1,punish in order to gain control or enforce obedience,0,0,0,0,correct
able.s.02,1,have the skills and qualifications to do things well,0,0,0,0,able
charm.v.04,1,induce into action by using one's charm,0,0,0,0,influence
enjoy.v.01,1,derive or receive pleasure from; get enjoyment from; take pleasure in,0,0,0,0,enjoy
act.v.10,1,perform on a stage or theater,0,0,0,0,act
bootleg.v.01,1,sell illicit products such as drugs or alcohol,0,1,1,0,bootleg
feel.v.13,1,pass one's hands over the sexual organs of,0,0,0,0,felt
fan.v.01,1,"strike out (a batter), (of a pitcher)",0,1,0,0,fan
let.v.01,1,make it possible through a specific action or lack of action for something to happen,0,0,0,0,let
production.n.04,1,(law) the act of exhibiting in a court of law,0,0,0,0,production
train.v.01,1,create by training and teaching,0,0,0,0,educate
determine.v.06,1,fix in scope; fix the boundaries of,0,0,0,0,determine
restrain.v.03,1,"to close within bounds, limit or hold back from movement",0,0,0,1,hold
player.n.05,1,an important participant (as in a business deal),0,1,0,0,player
founder.v.04,1,stumble and nearly fall,0,0,0,1,founder
secretary.n.02,1,an assistant who handles correspondence and clerical work for a boss or an organization,0,0,0,1,secretary
ally.v.01,1,"become an ally or associate, as by a treaty or marriage",1,0,0,0,ally
cover.v.05,1,act on verbally or in some form of artistic expression,0,0,0,0,deal
structure.v.01,1,give a structure to,0,0,0,0,structure
suffer.v.10,1,undergo or suffer,1,0,0,0,suffer
ten.n.01,1,the cardinal number that is the sum of nine and one; the base of the decimal system,0,0,0,0,decade
correspondent.n.02,1,a journalist employed to provide news stories for newspapers or broadcast media,0,0,0,1,correspondent
academic_degree.n.01,1,an award conferred by a college or university signifying that the recipient has satisfactorily completed a course of study,0,1,0,1,degree
provost.n.01,1,a high-ranking university administrator,0,1,0,0,provost
promote.v.05,1,"change a pawn for a better piece by advancing it to the eighth row, or change a checker piece for a more valuable piece by moving it to the row closest to your opponent",0,0,0,0,promote
collaboration.n.02,1,act of cooperating traitorously with an enemy that is occupying your country,0,0,0,0,collaboration
president.n.04,1,the officer who presides at the meetings of an organization,0,0,1,0,president
reveler.n.01,1,a celebrant who shares in a noisy party,0,0,1,0,reveler
talent.n.02,1,a person who possesses unusual innate ability in some field or activity,0,0,0,0,talent
responsible.a.01,1,worthy of or requiring responsibility or trust; or held accountable,0,0,0,0,responsible
portrayal.n.01,1,a word picture of a person's appearance and character,1,0,0,0,portrait
academic.s.02,1,hypothetical or theoretical and not expected to produce an immediate or practical result,0,0,0,0,academic
humorist.n.01,1,someone who acts speaks or writes in an amusing way,0,0,0,0,humorist
incline.v.02,1,bend or turn (one's ear) towards a speaker in order to listen well,0,0,0,0,incline
conduct.v.06,1,lead musicians in the performance of,0,0,1,1,conduct
honor.v.03,1,accept as pay,0,0,0,0,honor
activist.s.01,1,advocating or engaged in activism,0,1,0,0,activist
liveliness.n.02,1,animation and energy in action or expression,0,0,1,0,life
refer.v.03,1,"think of, regard, or classify under a subsuming principle or with a general group or in relation to another",0,0,0,0,refer
mature.v.01,1,develop and reach maturity; undergo maturation,0,0,1,0,grow
respect.v.01,1,regard highly; think much of,0,0,0,0,respect
dialogue.n.03,1,a literary composition in the form of a conversation between two people,0,1,0,0,dialogue
translate.v.09,1,"express, as in simple and less technical language",0,0,0,0,translate
affiliation.n.02,1,the act of becoming formally connected or joined,0,0,0,1,affiliation
successful.a.01,1,having succeeded or being marked by a favorable outcome,0,0,0,0,successful
educate.v.03,1,teach or refine to be discriminative in taste or judgment,0,0,1,0,educate
relationship.n.01,1,"a relation between people; (`relationship' is often used where `relation' would serve, as in `the relationship between inflation and unemployment', but the preferred usage of `relationship' is for human relations or states of relatedness)",0,1,0,0,relationship
record.v.04,1,be aware of,0,0,0,0,record
impart.v.03,1,transmit or serve as the medium for transmission,0,0,1,1,carry
record.v.01,1,make a record of; set down in permanent form,0,0,0,0,record
preach.v.02,1,"speak, plead, or argue in favor of",0,0,1,0,preach
edit.v.03,1,cut and assemble the components of,0,0,0,0,edit
economist.n.01,1,an expert in the science of economics,0,0,1,1,economist
research_worker.n.01,1,a scientist who devotes himself to doing research,0,0,1,1,researcher
structure.n.01,1,a thing constructed; a complex entity constructed of many parts,0,0,0,0,construction
friend.n.05,1,a member of the Religious Society of Friends founded by George Fox (the Friends have never called themselves Quakers),0,1,0,0,friend
teacher.n.01,1,a person whose occupation is teaching,0,0,1,0,teacher
administrator.n.02,1,the party appointed by a probate court to distribute the estate of someone who dies without a will or without naming an executor,0,0,1,0,administrator
translator.n.03,1,a program that translates one programming language into another,0,0,1,0,translator
commentator.n.02,1,a writer who reports and analyzes events of the day,0,0,1,0,commentator
learner.n.01,1,someone (especially a child) who learns (as from a teacher) or takes up knowledge or beliefs,0,0,0,0,scholar
campaigner.n.01,1,a politician who is running for public office,0,0,0,1,candidate
write.v.02,1,communicate or express by writing,0,0,0,1,write
set.v.08,1,set to a certain position or cause to operate correctly,0,0,0,1,set
hold.v.31,1,cover as for protection against noise or smell,0,0,0,1,hold
model.v.03,1,assume a posture as for artistic purposes,0,1,0,1,model
research.v.01,1,attempt to find out in a systematically and scientific manner,0,1,0,1,research
distribute.v.01,1,"administer or bestow, as in small portions",0,0,0,1,administer
undergraduate.n.01,1,a university student who has not yet received a first degree,0,0,0,1,undergraduate
interior_designer.n.01,1,a person who specializes in designing architectural interiors and their furnishings,0,0,0,0,designer
defend.v.06,1,be the defense counsel for someone in a trial,0,0,0,0,defend
train.v.09,1,cause to grow in a certain way by tying and pruning it,0,1,1,0,train
host.v.01,1,be the host of or for,1,0,0,1,host
agent.n.05,1,any agent or representative of a federal agency or bureau,0,0,0,0,agent
critic.n.01,1,a person who is professionally engaged in the analysis and interpretation of works of art,1,0,0,0,critic
judge.v.05,1,put on trial or hear a case and sit as the judge at the trial of,0,0,0,0,try
department_of_education.n.01,1,the United States federal department that administers all federal programs dealing with education (including federal aid to educational institutions and students); created 1979,0,1,1,0,education
practice.v.01,1,carry out or practice; as of jobs and professions,0,0,0,0,practise
establish.v.08,1,use as a basis for; found on,0,0,0,0,base
native.a.03,1,characteristic of or relating to people inhabiting a region from the beginning,0,0,1,0,native
equate.v.02,1,"be equivalent or parallel, in mathematics",0,0,0,0,equate
create.v.04,1,"invest with a new title, office, or rank",0,0,0,1,create
call.v.02,1,ascribe a quality to or give a name of a common noun that reflects a quality,0,0,0,1,call
spread.v.10,1,distribute over a surface in a layer,0,0,0,0,spread
time.v.05,1,adjust so that a force is applied and an action occurs at the desired time,0,0,1,0,time
prove.v.02,1,"establish the validity of something, as by an example, explanation or experiment",0,0,1,0,establish
act.v.08,1,"be engaged in an activity, often for no particular purpose other than pleasure",0,1,1,0,act
co-winner,1,co-winner,0,0,0,1,co-winner
illuminate.v.03,1,add embellishments and paintings to (medieval manuscripts),1,0,0,0,illuminate
breeding.n.03,1,helping someone grow up to be an accepted member of the community,0,0,1,0,upbringing
position.v.01,1,"cause to be in an appropriate place, state, or relation",0,0,0,0,position
represent.v.04,1,"be a delegate or spokesperson for; represent somebody's interest or be a proxy or substitute for, as of politicians and office holders representing their constituents, or of a tenant representing other tenants in a housing dispute",0,0,0,0,represent
advocacy.n.01,1,active support of an idea or cause etc.; especially the act of pleading or arguing for something,0,0,0,0,advocacy
unionize.v.02,1,form or join a union,0,0,0,1,organize
ennoble.v.02,1,give a title to someone; make someone a member of the nobility,0,0,0,0,entitle
son.n.02,1,the divine word of God; the second person in the Trinity (incarnate in Jesus),0,0,0,0,son
novelist.n.01,1,one who writes novels,0,0,0,0,novelist
adviser.n.01,1,an expert who gives advice,0,0,1,1,consultant
retain.v.03,1,secure and keep for possible future use or application,0,0,0,1,hold
performer.n.01,1,an entertainer who performs a dramatic or musical work for an audience,0,0,1,0,performer
